R2.K,V(Re.nA),V(Rc.nB),V(Q1.nB),
0,3.93148555182988e-9,14.99999999606683,1.0000000000003367e-17,
0.01,4.028828811648372e-9,14.999999995970215,0.10000000000000947,
0.02,2.34446179490283e-8,14.99999997666922,0.19999999999775359,
0.03,9.63261053794129e-7,14.999999042401937,0.29999999983350806,
0.04,0.00004694769778572855,14.999953329473497,0.399999989208798,
0.05,0.002122345639163096,14.997890185984037,0.49999939430487855,
0.06,0.03221301449339919,14.967977318726081,0.5999890368065578,
0.07,0.10242018202806998,14.898185924631521,0.69995955248225,
0.08,0.18687308130254138,14.814234893671694,0.7999160893619511,
0.09,0.2766784636546001,14.72496527166776,0.8998609399917282,
0.1,0.3691455023001466,14.633052130617044,0.9997948875943955,
0.11,0.46317875198984276,14.539584524913456,1.0997183299743238,
0.12,0.5582352240884286,14.445102290559523,1.199631538382866,
0.13,0.6540088715495652,14.349909708950552,1.299534733875286,
0.14,0.7503110783105688,14.254194317022296,1.3994281151524148,
0.15,0.8470177629200599,14.158079493936336,1.4993118703243862,
0.16,0.9440430921991391,14.061650593675786,1.5991861824989437,
0.17,1.0413253357097476,13.964969007946483,1.6990512325995508,
0.18,1.1388186635999349,13.86808032046359,1.7989072009243372,
0.19,1.2364881535997767,13.77101927085002,1.8987542680362965,
0.2,1.3343066095263172,13.673812917606167,1.9985926152970357,
0.21,1.43225245780993,13.576482729349157,2.098422425199068,
0.22,1.5303083124901502,13.479046011480252,2.1982438815799563,
0.23,1.6284599695243038,13.381516906040474,2.2980571697650185,
0.24,1.7266956852907402,13.2839071090259,2.397862476665765,
0.25,1.8250056482540427,13.18622639566435,2.4976599908503343,
0.26,1.9233815850028881,13.088483012100285,2.597449902595957,
0.27,2.0218164617077377,12.990683972213915,2.6972324039297457,
0.28,2.1203042545937847,12.89283528582542,2.7970076886618664,
0.29,2.218839771161717,12.794942136445554,2.8967759524137384,
0.3,2.3174185092842006,12.697009021369912,2.9965373926430128,
0.31,2.4160365449558716,12.599039863285508,3.096292208666503,
0.32,2.514690441989022,12.501038100058615,3.1960406016818745,
0.33,2.6133771787082627,12.403006757621844,3.2957827747886306,
0.34,2.71209408794974,12.304948509633517,3.3955189330087756,
0.35,2.810838807573475,12.206865726684594,3.495249283307418,
0.36,2.9096092393568598,12.108760517172785,3.5949740346134886,
0.37,3.008403514624762,12.010634761478892,3.6946933978407075,
0.38,3.107219965335874,11.912490140718337,3.7944075859088846,
0.39,3.2060570996198696,11.814328161067525,3.894116813765617,
0.4,3.304913580969453,11.716150174456363,3.993821298408427,
0.41,3.403788210452492,11.617957396258062,4.093521258907368,
0.42,3.5026799114343437,11.51975092048322,4.193216916428128,
0.43,3.6015877163980856,11.421531732888056,4.29290849425563,
0.44,3.7005107555272194,11.323300722330323,4.392596217818161,
0.45,3.7994482467763158,11.225058690645861,4.492280314712014,
0.46,3.8983994872036685,11.126806361270393,4.591961014726672,
0.47,3.997363845379047,11.028544386792452,4.691638549870517,
0.48,4.09634075471114,10.930273355591897,4.791313154397088,
0.49,4.195329707564865,10.831993797693158,4.890985064831869,
0.5,4.294330250059612,10.73370618994147,4.990654519999639,
0.51,4.3933419774566165,10.635410960593418,5.0903217610523575,
0.52,4.492364530057778,10.537108493399003,5.1899870314976155,
0.53,4.5913975895499535,10.438799131240831,5.289650577227637,
0.54,4.690440875738448,10.340483179386405,5.38931264654885,
0.55,4.789494143621597,10.24216090840131,5.488973490212021,
0.56,4.8885571807650985,10.14383255676444,5.588633361442967,
0.57,4.987629804940518,10.045498333220634,5.688292515973848,
0.58,5.0867118619972125,9.947158418901253,5.787951212075051,
0.59,5.185803223941025,9.848812969239289,5.887609710587659,
0.6,5.284903787196618,9.750462115701906,5.987268274956531,
0.61,5.38401347103325,9.652105967360587,6.08692717126399,
0.62,5.483132216136375,9.553744612316336,6.186586668264133,
0.63,5.582259983309629,9.455378118995325,6.286247037417769,
0.64,5.681396752293654,9.357006537328457,6.385908552927992,
0.65,5.780542520689815,9.258629899826712,6.485571491776412,
0.66,5.879697302978298,9.160248222562736,6.585236133760033,
0.67,5.978861129621285,9.061861506067928,6.684902761528819,
0.68,6.078034046242971,8.963469736153217,6.784571660623923,
0.69,6.177216112879091,8.865072884660817,6.88424311951663,
0.7,6.27640740328948,8.766670910153398,6.983917429647992,
0.71,6.375608004327843,8.668263758546484,7.083594885469192,
0.72,6.474818015363577,8.569851363689189,7.183275784482643,
0.73,6.574037547751019,8.4714336478979,7.282960427283828,
0.74,6.673266724341964,8.373010522447052,7.382649117603904,
0.75,6.772505679037752,8.274581888020663,7.482342162353094,
0.76,6.871754556377564,8.176147635127979,7.582039871664855,
0.77,6.97101351115994,8.0777076444862,7.681742558940869,
0.78,7.070282708094797,7.979261787373009,7.781450540896853,
0.79,7.169562321482663,7.880809925954353,7.881164137608384,
0.8,7.268852533022842,7.782351920284429,7.9808836707652855,
0.81,7.368149044975474,7.683903495769465,8.080605223318436,
0.82,7.462924898589671,7.601506216525603,8.176048806807815,
0.83,7.5303035595989956,7.6165469507483206,8.245557620797237,
0.84,7.59019950419043,7.6589208003871905,8.30792513542811,
0.85,7.64861169907022,7.707515633209347,8.368826432610359,
0.86,7.706550735999239,7.758859461207935,8.429225484971447,
0.87,7.764366146598227,7.811820712266942,8.489461321770667,
0.88,7.822227975877152,7.865905967222338,8.549702747096612,
0.89,7.880238400896896,7.920865563722148,8.61005377173888,
0.9,7.938468700518332,7.976562903377297,8.670588622597574,
0.91,7.996974364655497,8.032921044552102,8.731366103197626,
0.92,8.05580221447902,8.08989759718747,8.792436386996506,
0.93,8.114994098409328,8.1474716886186,8.853844590864329,
0.94,8.174588999527108,8.205636659947514,8.915632808568372,
0.95,8.234624271321197,8.264395742571557,8.977841361827357,
0.96,8.295136468724426,8.323759362807747,9.04050960062248,
0.97,8.356161879864878,8.383743415716532,9.103676458361063,
0.98,8.417736911803061,8.444368124255059,9.167380849083187,
0.99,8.47989837863908,8.505657267337662,9.231661969564227,
1,8.542683725985137,8.567637659330499,9.29655953822812,